no,error_type,start_location,end_location
1,insert_branch,"org.apache.commons.math3.fraction$BigFraction#BigFraction(double,double,int,int):303","org.apache.commons.math3.fraction$BigFraction#BigFraction(double,double,int,int):306"
1,insert_branch,"org.apache.commons.math3.fraction$Fraction#Fraction(double,double,int,int):212","org.apache.commons.math3.fraction$Fraction#Fraction(double,double,int,int):215"
2,change_return_value,org.apache.commons.math3.distribution$HypergeometricDistribution#getNumericalMean():268,org.apache.commons.math3.distribution$HypergeometricDistribution#getNumericalMean():268
3,insert_return_branch,"org.apache.commons.math3.util$MathArrays#linearCombination(double[],double[]):819","org.apache.commons.math3.util$MathArrays#linearCombination(double[],double[]):823"
4,insert_return_branch,"org.apache.commons.math3.geometry.euclidean.threed$SubLine#intersection(org.apache.commons.math3.geometry.euclidean.threed.SubLine,boolean):113","org.apache.commons.math3.geometry.euclidean.threed$SubLine#intersection(org.apache.commons.math3.geometry.euclidean.threed.SubLine,boolean):116"
5,change_return_value,org.apache.commons.math3.complex$Complex#reciprocal():305,org.apache.commons.math3.complex$Complex#reciprocal():305
6,change_method_parameter,org.apache.commons.math3.optim$BaseOptimizer#BaseOptimizer(org.apache.commons.math3.optim.ConvergenceChecker):51,org.apache.commons.math3.optim$BaseOptimizer#BaseOptimizer(org.apache.commons.math3.optim.ConvergenceChecker):51
6,change_assignment,org.apache.commons.math3.optim.nonlinear.scalar.gradient$NonLinearConjugateGradientOptimizer#doOptimize():217,org.apache.commons.math3.optim.nonlinear.scalar.gradient$NonLinearConjugateGradientOptimizer#doOptimize():217
6,change_method_parameter,org.apache.commons.math3.optim.nonlinear.scalar.gradient$NonLinearConjugateGradientOptimizer#doOptimize():223,org.apache.commons.math3.optim.nonlinear.scalar.gradient$NonLinearConjugateGradientOptimizer#doOptimize():223
6,change_condition,org.apache.commons.math3.optim.nonlinear.scalar.gradient$NonLinearConjugateGradientOptimizer#doOptimize():277,org.apache.commons.math3.optim.nonlinear.scalar.gradient$NonLinearConjugateGradientOptimizer#doOptimize():277
6,insert_assignment,org.apache.commons.math3.optim.nonlinear.scalar.noderiv$CMAESOptimizer#doOptimize():387,org.apache.commons.math3.optim.nonlinear.scalar.noderiv$CMAESOptimizer#doOptimize():390
6,change_assignment,org.apache.commons.math3.optim.nonlinear.scalar.noderiv$PowellOptimizer#doOptimize():193,org.apache.commons.math3.optim.nonlinear.scalar.noderiv$PowellOptimizer#doOptimize():193
6,change_condition,org.apache.commons.math3.optim.nonlinear.scalar.noderiv$SimplexOptimizer#doOptimize():158,org.apache.commons.math3.optim.nonlinear.scalar.noderiv$SimplexOptimizer#doOptimize():158
6,change_assignment,org.apache.commons.math3.optim.nonlinear.scalar.noderiv$SimplexOptimizer#doOptimize():175,org.apache.commons.math3.optim.nonlinear.scalar.noderiv$SimplexOptimizer#doOptimize():175
6,change_assignment,org.apache.commons.math3.optim.nonlinear.vector.jacobian$GaussNewtonOptimizer#doOptimize():108,org.apache.commons.math3.optim.nonlinear.vector.jacobian$GaussNewtonOptimizer#doOptimize():108
6,change_method_parameter,org.apache.commons.math3.optim.nonlinear.vector.jacobian$GaussNewtonOptimizer#doOptimize():160,org.apache.commons.math3.optim.nonlinear.vector.jacobian$GaussNewtonOptimizer#doOptimize():160
6,change_assignment,org.apache.commons.math3.optim.nonlinear.vector.jacobian$LevenbergMarquardtOptimizer#doOptimize():325,org.apache.commons.math3.optim.nonlinear.vector.jacobian$LevenbergMarquardtOptimizer#doOptimize():325
7,change_assignment,"org.apache.commons.math3.ode$AbstractIntegrator#acceptStep(org.apache.commons.math3.ode.sampling.AbstractStepInterpolator,double[],double[],double):346","org.apache.commons.math3.ode$AbstractIntegrator#acceptStep(org.apache.commons.math3.ode.sampling.AbstractStepInterpolator,double[],double[],double):347"
7,change_assignment,"org.apache.commons.math3.ode$AbstractIntegrator#acceptStep(org.apache.commons.math3.ode.sampling.AbstractStepInterpolator,double[],double[],double):363","org.apache.commons.math3.ode$AbstractIntegrator#acceptStep(org.apache.commons.math3.ode.sampling.AbstractStepInterpolator,double[],double[],double):363"
7,delete_for_branch,"org.apache.commons.math3.ode$AbstractIntegrator#acceptStep(org.apache.commons.math3.ode.sampling.AbstractStepInterpolator,double[],double[],double):370","org.apache.commons.math3.ode$AbstractIntegrator#acceptStep(org.apache.commons.math3.ode.sampling.AbstractStepInterpolator,double[],double[],double):372"
8,change_method_definition,org.apache.commons.math3.distribution$DiscreteDistribution#sample(int):181,org.apache.commons.math3.distribution$DiscreteDistribution#sample(int):181
8,change_assignment,org.apache.commons.math3.distribution$DiscreteDistribution#sample(int):187,org.apache.commons.math3.distribution$DiscreteDistribution#sample(int):187
9,change_assignment,org.apache.commons.math3.geometry.euclidean.threed$Line#revert():87,org.apache.commons.math3.geometry.euclidean.threed$Line#revert():87
10,insert_assignment,"org.apache.commons.math3.analysis.differentiation$DSCompiler#atan2(double[],int,double[],int,double[],int):1416","org.apache.commons.math3.analysis.differentiation$DSCompiler#atan2(double[],int,double[],int,double[],int):1420"
11,change_method_parameter,org.apache.commons.math3.distribution$MultivariateNormalDistribution#density(double[]):183,org.apache.commons.math3.distribution$MultivariateNormalDistribution#density(double[]):183
12,change_class_definition,org.apache.commons.math3.random$BitsStreamGenerator:28,org.apache.commons.math3.random$BitsStreamGenerator:28
12,insert_static_variable,org.apache.commons.math3.random$BitsStreamGenerator:28,org.apache.commons.math3.random$BitsStreamGenerator#BitsStreamGenerator():37
13,insert_return_branch,org.apache.commons.math3.optimization.general$AbstractLeastSquaresOptimizer#squareRoot(org.apache.commons.math3.linear.RealMatrix):561,org.apache.commons.math3.optimization.general$AbstractLeastSquaresOptimizer#squareRoot(org.apache.commons.math3.linear.RealMatrix):562
14,change_assignment,org.apache.commons.math3.optim.nonlinear.vector$Weight#Weight(double[]):43,org.apache.commons.math3.optim.nonlinear.vector$Weight#Weight(double[]):43
15,change_condition,"org.apache.commons.math3.util$FastMath#pow(double,double):1541","org.apache.commons.math3.util$FastMath#pow(double,double):1541"
16,insert_return_branch,org.apache.commons.math3.util$FastMath#cosh(double):393,org.apache.commons.math3.util$FastMath#cosh(double):395
16,insert_return_branch,org.apache.commons.math3.util$FastMath#cosh(double):397,org.apache.commons.math3.util$FastMath#cosh(double):399
17,coverage_block,org.apache.commons.math3.dfp$Dfp#multiply(int):1602,org.apache.commons.math3.dfp$Dfp#multiply(int):1603
17,insert_return_branch,org.apache.commons.math3.dfp$Dfp#multiply(int):1603,org.apache.commons.math3.dfp$Dfp#multiply(int):1604
18,change_assignment,org.apache.commons.math3.optimization.direct$CMAESOptimizer$FitnessFunction#encode(double[]):932,org.apache.commons.math3.optimization.direct$CMAESOptimizer$FitnessFunction#encode(double[]):932
18,change_assignment,org.apache.commons.math3.optimization.direct$CMAESOptimizer$FitnessFunction#decode(double[]):958,org.apache.commons.math3.optimization.direct$CMAESOptimizer$FitnessFunction#decode(double[]):958
19,insert_branch,org.apache.commons.math3.optimization.direct$CMAESOptimizer#checkParameters():537,org.apache.commons.math3.optimization.direct$CMAESOptimizer#checkParameters():540
20,change_return_value,org.apache.commons.math3.optimization.direct$CMAESOptimizer$FitnessFunction#repairAndDecode(double[]):921,org.apache.commons.math3.optimization.direct$CMAESOptimizer$FitnessFunction#repairAndDecode(double[]):921
21,change_condition,"org.apache.commons.math3.linear$RectangularCholeskyDecomposition#RectangularCholeskyDecomposition(org.apache.commons.math3.linear.RealMatrix,double):83","org.apache.commons.math3.linear$RectangularCholeskyDecomposition#RectangularCholeskyDecomposition(org.apache.commons.math3.linear.RealMatrix,double):83"
21,change_assignment,"org.apache.commons.math3.linear$RectangularCholeskyDecomposition#RectangularCholeskyDecomposition(org.apache.commons.math3.linear.RealMatrix,double):84","org.apache.commons.math3.linear$RectangularCholeskyDecomposition#RectangularCholeskyDecomposition(org.apache.commons.math3.linear.RealMatrix,double):84"
21,change_condition,"org.apache.commons.math3.linear$RectangularCholeskyDecomposition#RectangularCholeskyDecomposition(org.apache.commons.math3.linear.RealMatrix,double):90","org.apache.commons.math3.linear$RectangularCholeskyDecomposition#RectangularCholeskyDecomposition(org.apache.commons.math3.linear.RealMatrix,double):90"
21,change_assignment,"org.apache.commons.math3.linear$RectangularCholeskyDecomposition#RectangularCholeskyDecomposition(org.apache.commons.math3.linear.RealMatrix,double):91","org.apache.commons.math3.linear$RectangularCholeskyDecomposition#RectangularCholeskyDecomposition(org.apache.commons.math3.linear.RealMatrix,double):93"
21,change_assignment,"org.apache.commons.math3.linear$RectangularCholeskyDecomposition#RectangularCholeskyDecomposition(org.apache.commons.math3.linear.RealMatrix,double):128","org.apache.commons.math3.linear$RectangularCholeskyDecomposition#RectangularCholeskyDecomposition(org.apache.commons.math3.linear.RealMatrix,double):128"
22,change_return_value,org.apache.commons.math3.distribution$FDistribution#isSupportLowerBoundInclusive():275,org.apache.commons.math3.distribution$FDistribution#isSupportLowerBoundInclusive():275
22,change_return_value,org.apache.commons.math3.distribution$UniformRealDistribution#isSupportUpperBoundInclusive():184,org.apache.commons.math3.distribution$UniformRealDistribution#isSupportUpperBoundInclusive():184
23,change_return_value,org.apache.commons.math3.optimization.univariate$BrentOptimizer#doOptimize():274,org.apache.commons.math3.optimization.univariate$BrentOptimizer#doOptimize():274
24,change_return_value,org.apache.commons.math3.optimization.univariate$BrentOptimizer#doOptimize():267,org.apache.commons.math3.optimization.univariate$BrentOptimizer#doOptimize():267
25,insert_branch,org.apache.commons.math3.optimization.fitting$HarmonicFitter$ParameterGuesser#guessAOmega():322,org.apache.commons.math3.optimization.fitting$HarmonicFitter$ParameterGuesser#guessAOmega():326
26,change_condition,"org.apache.commons.math3.fraction$Fraction#Fraction(double,double,int,int):181","org.apache.commons.math3.fraction$Fraction#Fraction(double,double,int,int):181"
26,change_condition,"org.apache.commons.math3.fraction$Fraction#Fraction(double,double,int,int):209","org.apache.commons.math3.fraction$Fraction#Fraction(double,double,int,int):209"
27,change_return_value,org.apache.commons.math3.fraction$Fraction#percentageValue():597,org.apache.commons.math3.fraction$Fraction#percentageValue():597
28,coverage_block,"org.apache.commons.math3.optimization.linear$SimplexSolver#getPivotRow(org.apache.commons.math3.optimization.linear.SimplexTableau,int):115","org.apache.commons.math3.optimization.linear$SimplexSolver#getPivotRow(org.apache.commons.math3.optimization.linear.SimplexTableau,int):119"
28,coverage_block,"org.apache.commons.math3.optimization.linear$SimplexSolver#getPivotRow(org.apache.commons.math3.optimization.linear.SimplexTableau,int):127","org.apache.commons.math3.optimization.linear$SimplexSolver#getPivotRow(org.apache.commons.math3.optimization.linear.SimplexTableau,int):138"
29,change_while_structure,org.apache.commons.math3.linear$OpenMapRealVector#ebeDivide(org.apache.commons.math3.linear.RealVector):350,org.apache.commons.math3.linear$OpenMapRealVector#ebeDivide(org.apache.commons.math3.linear.RealVector):353
29,insert_branch,org.apache.commons.math3.linear$OpenMapRealVector#ebeMultiply(org.apache.commons.math3.linear.RealVector):366,org.apache.commons.math3.linear$OpenMapRealVector#ebeMultiply(org.apache.commons.math3.linear.RealVector):374
30,change_assignment,"org.apache.commons.math3.stat.inference$MannWhitneyUTest#calculateAsymptoticPValue(double,int,int):173","org.apache.commons.math3.stat.inference$MannWhitneyUTest#calculateAsymptoticPValue(double,int,int):173"
31,insert_branch,"org.apache.commons.math3.util$ContinuedFraction#evaluate(double,double,int):141","org.apache.commons.math3.util$ContinuedFraction#evaluate(double,double,int):143"
31,delete_branch,"org.apache.commons.math3.util$ContinuedFraction#evaluate(double,double,int):145","org.apache.commons.math3.util$ContinuedFraction#evaluate(double,double,int):170"
31,change_assignment,"org.apache.commons.math3.util$ContinuedFraction#evaluate(double,double,int):172","org.apache.commons.math3.util$ContinuedFraction#evaluate(double,double,int):173"
31,change_assignment,"org.apache.commons.math3.util$ContinuedFraction#evaluate(double,double,int):185","org.apache.commons.math3.util$ContinuedFraction#evaluate(double,double,int):189"
32,change_condtion,org.apache.commons.math3.geometry.euclidean.twod$PolygonsSet#computeGeometricalProperties():136,org.apache.commons.math3.geometry.euclidean.twod$PolygonsSet#computeGeometricalProperties():136
33,change_method_parameter,org.apache.commons.math3.optimization.linear$SimplexTableau#dropPhase1Objective():338,org.apache.commons.math3.optimization.linear$SimplexTableau#dropPhase1Objective():338
34,change_return_value,org.apache.commons.math3.genetics$ListPopulation#iterator():209,org.apache.commons.math3.genetics$ListPopulation#iterator():209
35,change_assignment,"org.apache.commons.math3.genetics$ElitisticListPopulation#ElitisticListPopulation(java.util.List,int,double):51","org.apache.commons.math3.genetics$ElitisticListPopulation#ElitisticListPopulation(java.util.List,int,double):51"
35,change_assignment,"org.apache.commons.math3.genetics$ElitisticListPopulation#ElitisticListPopulation(int,double):65","org.apache.commons.math3.genetics$ElitisticListPopulation#ElitisticListPopulation(int,double):65"
36,insert_branch,org.apache.commons.math.fraction$BigFraction#doubleValue():685,org.apache.commons.math.fraction$BigFraction#doubleValue():688
36,insert_branch,org.apache.commons.math.fraction$BigFraction#floatValue():732,org.apache.commons.math.fraction$BigFraction#floatValue():735
37,change_condition,org.apache.commons.math.complex$Complex#tan():1018,org.apache.commons.math.complex$Complex#tan():1018
37,insert_branch,org.apache.commons.math.complex$Complex#tan():1020,org.apache.commons.math.complex$Complex#tan():1022
37,change_condition,org.apache.commons.math.complex$Complex#tanh():1063,org.apache.commons.math.complex$Complex#tanh():1063
37,insert_branch,org.apache.commons.math.complex$Complex#tanh():1065,org.apache.commons.math.complex$Complex#tanh():1066
38,change_assignment,"org.apache.commons.math.optimization.direct$BOBYQAOptimizer#prelim(double[],double[]):1662","org.apache.commons.math.optimization.direct$BOBYQAOptimizer#prelim(double[],double[]):1663"
38,delete_throw,"org.apache.commons.math.optimization.direct$BOBYQAOptimizer#prelim(double[],double[]):1752","org.apache.commons.math.optimization.direct$BOBYQAOptimizer#prelim(double[],double[]):1752"
39,insert_branch,"org.apache.commons.math.ode.nonstiff$EmbeddedRungeKuttaIntegrator#integrate(org.apache.commons.math.ode.ExpandableStatefulODE,double):249","org.apache.commons.math.ode.nonstiff$EmbeddedRungeKuttaIntegrator#integrate(org.apache.commons.math.ode.ExpandableStatefulODE,double):252"
40,change_assignment,org.apache.commons.math.analysis.solvers$BracketingNthOrderBrentSolver#doSolve():235,org.apache.commons.math.analysis.solvers$BracketingNthOrderBrentSolver#doSolve():235
41,change_for_condition,"org.apache.commons.math.stat.descriptive.moment$Variance#evaluate(double[],double[],double,int,int):520","org.apache.commons.math.stat.descriptive.moment$Variance#evaluate(double[],double[],double,int,int):520"
42,insert_branch,org.apache.commons.math.optimization.linear$SimplexTableau#getSolution():409,org.apache.commons.math.optimization.linear$SimplexTableau#getSolution():413
43,change_condition,org.apache.commons.math.stat.descriptive$SummaryStatistics#addValue(double):158,org.apache.commons.math.stat.descriptive$SummaryStatistics#addValue(double):158
43,change_condition,org.apache.commons.math.stat.descriptive$SummaryStatistics#addValue(double):161,org.apache.commons.math.stat.descriptive$SummaryStatistics#addValue(double):161
43,change_condition,org.apache.commons.math.stat.descriptive$SummaryStatistics#addValue(double):164,org.apache.commons.math.stat.descriptive$SummaryStatistics#addValue(double):164
44,delete_assignment,"org.apache.commons.math.ode$AbstractIntegrator#acceptStep(org.apache.commons.math.ode.sampling.AbstractStepInterpolator,double[],double[],double):280","org.apache.commons.math.ode$AbstractIntegrator#acceptStep(org.apache.commons.math.ode.sampling.AbstractStepInterpolator,double[],double[],double):280"
44,insert_for_branch,"org.apache.commons.math.ode$AbstractIntegrator#acceptStep(org.apache.commons.math.ode.sampling.AbstractStepInterpolator,double[],double[],double):342","org.apache.commons.math.ode$AbstractIntegrator#acceptStep(org.apache.commons.math.ode.sampling.AbstractStepInterpolator,double[],double[],double):343"
45,insert_branch,"org.apache.commons.math.linear$OpenMapRealMatrix#OpenMapRealMatrix(int,int):49","org.apache.commons.math.linear$OpenMapRealMatrix#OpenMapRealMatrix(int,int):50"
46,change_return_value,org.apache.commons.math.complex$Complex#divide(org.apache.commons.math.complex.Complex):260,org.apache.commons.math.complex$Complex#divide(org.apache.commons.math.complex.Complex):260
47,insert_assignment,"org.apache.commons.math.complex$Complex#Complex(double,double):103","org.apache.commons.math.complex$Complex#Complex(double,double):105"
47,change_condition,org.apache.commons.math.complex$Complex#divide(org.apache.commons.math.complex.Complex):256,org.apache.commons.math.complex$Complex#divide(org.apache.commons.math.complex.Complex):256
47,change_return_value,org.apache.commons.math.complex$Complex#divide(org.apache.commons.math.complex.Complex):257,org.apache.commons.math.complex$Complex#divide(org.apache.commons.math.complex.Complex):257
48,insert_branch,org.apache.commons.math.analysis.solvers$BaseSecantSolver#doSolve():186,org.apache.commons.math.analysis.solvers$BaseSecantSolver#doSolve():189
49,change_assignment,org.apache.commons.math.linear$OpenMapRealVector#ebeMultiply(org.apache.commons.math.linear.RealVector):370,org.apache.commons.math.linear$OpenMapRealVector#ebeMultiply(org.apache.commons.math.linear.RealVector):370
50,delete_branch,org.apache.commons.math.analysis.solvers$BaseSecantSolver#doSolve():187,org.apache.commons.math.analysis.solvers$BaseSecantSolver#doSolve():190
51,insert_branch,org.apache.commons.math.analysis.solvers$BaseSecantSolver#doSolve():184,org.apache.commons.math.analysis.solvers$BaseSecantSolver#doSolve():187
51,insert_throw,org.apache.commons.math.analysis.solvers$BaseSecantSolver#doSolve():187,org.apache.commons.math.analysis.solvers$BaseSecantSolver#doSolve():189
52,change_condition,"org.apache.commons.math.geometry.euclidean.threed$Rotation#Rotation(org.apache.commons.math.geometry.euclidean.threed.Vector3D,org.apache.commons.math.geometry.euclidean.threed.Vector3D,org.apache.commons.math.geometry.euclidean.threed.Vector3D,org.apache.commons.math.geometry.euclidean.threed.Vector3D):344","org.apache.commons.math.geometry.euclidean.threed$Rotation#Rotation(org.apache.commons.math.geometry.euclidean.threed.Vector3D,org.apache.commons.math.geometry.euclidean.threed.Vector3D,org.apache.commons.math.geometry.euclidean.threed.Vector3D,org.apache.commons.math.geometry.euclidean.threed.Vector3D):344"
53,insert_return_branch,org.apache.commons.math.complex$Complex#add(org.apache.commons.math.complex.Complex):152,org.apache.commons.math.complex$Complex#add(org.apache.commons.math.complex.Complex):153
54,insert_branch,org.apache.commons.math.dfp$Dfp#toDouble():2318,org.apache.commons.math.dfp$Dfp#toDouble():2319
54,change_condition,org.apache.commons.math.dfp$Dfp#toDouble():2319,org.apache.commons.math.dfp$Dfp#toDouble():2319
55,insert_branch,"org.apache.commons.math.geometry$Vector3D#crossProduct(org.apache.commons.math.geometry.Vector3D,org.apache.commons.math.geometry.Vector3D):457","org.apache.commons.math.geometry$Vector3D#crossProduct(org.apache.commons.math.geometry.Vector3D,org.apache.commons.math.geometry.Vector3D):473"
55,change_return_value,"org.apache.commons.math.geometry$Vector3D#crossProduct(org.apache.commons.math.geometry.Vector3D,org.apache.commons.math.geometry.Vector3D):473","org.apache.commons.math.geometry$Vector3D#crossProduct(org.apache.commons.math.geometry.Vector3D,org.apache.commons.math.geometry.Vector3D):473"
56,delete_while,org.apache.commons.math.util$MultidimensionalCounter#getCounts(int):238,org.apache.commons.math.util$MultidimensionalCounter#getCounts(int):241
56,change_assignment,org.apache.commons.math.util$MultidimensionalCounter#getCounts(int):243,org.apache.commons.math.util$MultidimensionalCounter#getCounts(int):243
57,change_assignment,"org.apache.commons.math.stat.clustering$KMeansPlusPlusClusterer#chooseInitialCenters(java.util.Collection,int,java.util.Random):175","org.apache.commons.math.stat.clustering$KMeansPlusPlusClusterer#chooseInitialCenters(java.util.Collection,int,java.util.Random):175"
58,change_method_parameter,org.apache.commons.math.optimization.fitting$GaussianFitter#fit():121,org.apache.commons.math.optimization.fitting$GaussianFitter#fit():121
59,change_return_value,"org.apache.commons.math.util$FastMath#max(float,float):3482","org.apache.commons.math.util$FastMath#max(float,float):3482"
60,insert_branch,org.apache.commons.math.distribution$NormalDistributionImpl#cumulativeProbability(double):125,org.apache.commons.math.distribution$NormalDistributionImpl#cumulativeProbability(double):126
60,remove_try_coverage,org.apache.commons.math.distribution$NormalDistributionImpl#cumulativeProbability(double):126,org.apache.commons.math.distribution$NormalDistributionImpl#cumulativeProbability(double):137
61,change_throw,"org.apache.commons.math.distribution$PoissonDistributionImpl#PoissonDistributionImpl(double,double,int):94","org.apache.commons.math.distribution$PoissonDistributionImpl#PoissonDistributionImpl(double,double,int):94"
62,change_method_parameter,"org.apache.commons.math.optimization.univariate$MultiStartUnivariateRealOptimizer#optimize(org.apache.commons.math.analysis.UnivariateRealFunction,org.apache.commons.math.optimization.GoalType,double,double):146","org.apache.commons.math.optimization.univariate$MultiStartUnivariateRealOptimizer#optimize(org.apache.commons.math.analysis.UnivariateRealFunction,org.apache.commons.math.optimization.GoalType,double,double):146"
62,change_assignment,"org.apache.commons.math.optimization.univariate$MultiStartUnivariateRealOptimizer#optimize(org.apache.commons.math.analysis.UnivariateRealFunction,org.apache.commons.math.optimization.GoalType,double,double,double):160","org.apache.commons.math.optimization.univariate$MultiStartUnivariateRealOptimizer#optimize(org.apache.commons.math.analysis.UnivariateRealFunction,org.apache.commons.math.optimization.GoalType,double,double,double):162"
63,change_return_value,"org.apache.commons.math.util$MathUtils#equals(double,double):417","org.apache.commons.math.util$MathUtils#equals(double,double):417"
64,insert_for_branch,org.apache.commons.math.optimization.general$LevenbergMarquardtOptimizer#doOptimize():269,org.apache.commons.math.optimization.general$LevenbergMarquardtOptimizer#doOptimize():270
64,change_method_parameter,org.apache.commons.math.optimization.general$LevenbergMarquardtOptimizer#doOptimize():278,org.apache.commons.math.optimization.general$LevenbergMarquardtOptimizer#doOptimize():278
64,change_assignment,org.apache.commons.math.optimization.general$LevenbergMarquardtOptimizer#doOptimize():316,org.apache.commons.math.optimization.general$LevenbergMarquardtOptimizer#doOptimize():316
64,insert_assignment,org.apache.commons.math.optimization.general$LevenbergMarquardtOptimizer#doOptimize():322,org.apache.commons.math.optimization.general$LevenbergMarquardtOptimizer#doOptimize():324
64,change_method_parameter,org.apache.commons.math.optimization.general$LevenbergMarquardtOptimizer#doOptimize():346,org.apache.commons.math.optimization.general$LevenbergMarquardtOptimizer#doOptimize():346
64,delete_assignment,org.apache.commons.math.optimization.general$LevenbergMarquardtOptimizer#doOptimize():365,org.apache.commons.math.optimization.general$LevenbergMarquardtOptimizer#doOptimize():365
64,insert_assignment,org.apache.commons.math.optimization.general$LevenbergMarquardtOptimizer#doOptimize():420,org.apache.commons.math.optimization.general$LevenbergMarquardtOptimizer#doOptimize():424
64,insert_return_branch,org.apache.commons.math.optimization.general$LevenbergMarquardtOptimizer#doOptimize():420,org.apache.commons.math.optimization.general$LevenbergMarquardtOptimizer#doOptimize():424
64,insert_assignment,org.apache.commons.math.optimization.general$LevenbergMarquardtOptimizer#doOptimize():343,org.apache.commons.math.optimization.general$LevenbergMarquardtOptimizer#doOptimize():346
64,insert_assignment,org.apache.commons.math.optimization.general$LevenbergMarquardtOptimizer#doOptimize():433,org.apache.commons.math.optimization.general$LevenbergMarquardtOptimizer#doOptimize():434
65,change_return_value,org.apache.commons.math.optimization.general$AbstractLeastSquaresOptimizer#getRMS():245,org.apache.commons.math.optimization.general$AbstractLeastSquaresOptimizer#getRMS():245
65,change_assignment,org.apache.commons.math.optimization.general$AbstractLeastSquaresOptimizer#getChiSquare():258,org.apache.commons.math.optimization.general$AbstractLeastSquaresOptimizer#getChiSquare():258
66,change_method_parameter,org.apache.commons.math.optimization.univariate$BrentOptimizer#BrentOptimizer():44,org.apache.commons.math.optimization.univariate$BrentOptimizer#BrentOptimizer():44
66,change_method_parameter,org.apache.commons.math.optimization.univariate$BrentOptimizer#BrentOptimizer():46,org.apache.commons.math.optimization.univariate$BrentOptimizer#BrentOptimizer():47
66,delete_method,"org.apache.commons.math.optimization.univariate$BrentOptimizer#optimize(org.apache.commons.math.analysis.UnivariateRealFunction,org.apache.commons.math.optimization.GoalType,double,double,double):59","org.apache.commons.math.optimization.univariate$BrentOptimizer#optimize(org.apache.commons.math.analysis.UnivariateRealFunction,org.apache.commons.math.optimization.GoalType,double,double,double):64"
66,delete_method,"org.apache.commons.math.optimization.univariate$BrentOptimizer#optimize(org.apache.commons.math.analysis.UnivariateRealFunction,org.apache.commons.math.optimization.GoalType,double,double):65","org.apache.commons.math.optimization.univariate$BrentOptimizer#optimize(org.apache.commons.math.analysis.UnivariateRealFunction,org.apache.commons.math.optimization.GoalType,double,double):67"
66,change_method_definition,"org.apache.commons.math.optimization.univariate$BrentOptimizer#localMin(boolean,org.apache.commons.math.analysis.UnivariateRealFunction,org.apache.commons.math.optimization.GoalType,double,double,double,double,double):93","org.apache.commons.math.optimization.univariate$BrentOptimizer#localMin(boolean,org.apache.commons.math.analysis.UnivariateRealFunction,org.apache.commons.math.optimization.GoalType,double,double,double,double,double):93"
66,change_assignment,"org.apache.commons.math.optimization.univariate$BrentOptimizer#localMin(boolean,org.apache.commons.math.analysis.UnivariateRealFunction,org.apache.commons.math.optimization.GoalType,double,double,double,double,double):119","org.apache.commons.math.optimization.univariate$BrentOptimizer#localMin(boolean,org.apache.commons.math.analysis.UnivariateRealFunction,org.apache.commons.math.optimization.GoalType,double,double,double,double,double):119"
66,change_condition,"org.apache.commons.math.optimization.univariate$BrentOptimizer#localMin(boolean,org.apache.commons.math.analysis.UnivariateRealFunction,org.apache.commons.math.optimization.GoalType,double,double,double,double,double):120","org.apache.commons.math.optimization.univariate$BrentOptimizer#localMin(boolean,org.apache.commons.math.analysis.UnivariateRealFunction,org.apache.commons.math.optimization.GoalType,double,double,double,double,double):120"
66,change_while_condition,"org.apache.commons.math.optimization.univariate$BrentOptimizer#localMin(boolean,org.apache.commons.math.analysis.UnivariateRealFunction,org.apache.commons.math.optimization.GoalType,double,double,double,double,double):127","org.apache.commons.math.optimization.univariate$BrentOptimizer#localMin(boolean,org.apache.commons.math.analysis.UnivariateRealFunction,org.apache.commons.math.optimization.GoalType,double,double,double,double,double):127"
66,change_assignment,"org.apache.commons.math.optimization.univariate$BrentOptimizer#localMin(boolean,org.apache.commons.math.analysis.UnivariateRealFunction,org.apache.commons.math.optimization.GoalType,double,double,double,double,double):200","org.apache.commons.math.optimization.univariate$BrentOptimizer#localMin(boolean,org.apache.commons.math.analysis.UnivariateRealFunction,org.apache.commons.math.optimization.GoalType,double,double,double,double,double):200"
66,change_condition,"org.apache.commons.math.optimization.univariate$BrentOptimizer#localMin(boolean,org.apache.commons.math.analysis.UnivariateRealFunction,org.apache.commons.math.optimization.GoalType,double,double,double,double,double):201","org.apache.commons.math.optimization.univariate$BrentOptimizer#localMin(boolean,org.apache.commons.math.analysis.UnivariateRealFunction,org.apache.commons.math.optimization.GoalType,double,double,double,double,double):201"
66,change_assignment,"org.apache.commons.math.optimization.univariate$BrentOptimizer#localMin(boolean,org.apache.commons.math.analysis.UnivariateRealFunction,org.apache.commons.math.optimization.GoalType,double,double,double,double,double):238","org.apache.commons.math.optimization.univariate$BrentOptimizer#localMin(boolean,org.apache.commons.math.analysis.UnivariateRealFunction,org.apache.commons.math.optimization.GoalType,double,double,double,double,double):238"
66,change_assignment,"org.apache.commons.math.optimization.univariate$BrentOptimizer#localMin(boolean,org.apache.commons.math.analysis.UnivariateRealFunction,org.apache.commons.math.optimization.GoalType,double,double,double,double,double):241","org.apache.commons.math.optimization.univariate$BrentOptimizer#localMin(boolean,org.apache.commons.math.analysis.UnivariateRealFunction,org.apache.commons.math.optimization.GoalType,double,double,double,double,double):241"
67,change_return_value,org.apache.commons.math.optimization$MultiStartUnivariateRealOptimizer#getResult():97,org.apache.commons.math.optimization$MultiStartUnivariateRealOptimizer#getResult():97
68,insert_statement,org.apache.commons.math.optimization.general$LevenbergMarquardtOptimizer#LevenbergMarquardtOptimizer():163,org.apache.commons.math.optimization.general$LevenbergMarquardtOptimizer#LevenbergMarquardtOptimizer():166
68,insert_assignment,org.apache.commons.math.optimization.general$LevenbergMarquardtOptimizer#doOptimize():246,org.apache.commons.math.optimization.general$LevenbergMarquardtOptimizer#doOptimize():247
68,insert_assignment,org.apache.commons.math.optimization.general$LevenbergMarquardtOptimizer#doOptimize():249,org.apache.commons.math.optimization.general$LevenbergMarquardtOptimizer#doOptimize():252
68,insert_assignment,org.apache.commons.math.optimization.general$LevenbergMarquardtOptimizer#doOptimize():344,org.apache.commons.math.optimization.general$LevenbergMarquardtOptimizer#doOptimize():347
68,insert_return_branch,org.apache.commons.math.optimization.general$LevenbergMarquardtOptimizer#doOptimize():410,org.apache.commons.math.optimization.general$LevenbergMarquardtOptimizer#doOptimize():415
68,change_return_value,org.apache.commons.math.optimization.general$LevenbergMarquardtOptimizer#doOptimize():419,org.apache.commons.math.optimization.general$LevenbergMarquardtOptimizer#doOptimize():419
69,change_assignment,org.apache.commons.math.stat.correlation$PearsonsCorrelation#getCorrelationPValues():171,org.apache.commons.math.stat.correlation$PearsonsCorrelation#getCorrelationPValues():171
70,change_method_parameter,"org.apache.commons.math.analysis.solvers$BisectionSolver#solve(org.apache.commons.math.analysis.UnivariateRealFunction,double,double,double):72","org.apache.commons.math.analysis.solvers$BisectionSolver#solve(org.apache.commons.math.analysis.UnivariateRealFunction,double,double,double):72"
71,insert_assignment,"org.apache.commons.math.ode.nonstiff$EmbeddedRungeKuttaIntegrator#integrate(org.apache.commons.math.ode.FirstOrderDifferentialEquations,double,double[],double,double[]):294","org.apache.commons.math.ode.nonstiff$EmbeddedRungeKuttaIntegrator#integrate(org.apache.commons.math.ode.FirstOrderDifferentialEquations,double,double[],double,double[]):300"
71,insert_assignment,"org.apache.commons.math.ode.nonstiff$RungeKuttaIntegrator#integrate(org.apache.commons.math.ode.FirstOrderDifferentialEquations,double,double[],double,double[]):174","org.apache.commons.math.ode.nonstiff$RungeKuttaIntegrator#integrate(org.apache.commons.math.ode.FirstOrderDifferentialEquations,double,double[],double,double[]):180"
72,change_method_parameter,"org.apache.commons.math.analysis.solvers$BrentSolver#solve(org.apache.commons.math.analysis.UnivariateRealFunction,double,double,double):115","org.apache.commons.math.analysis.solvers$BrentSolver#solve(org.apache.commons.math.analysis.UnivariateRealFunction,double,double,double):115"
73,insert_branch,"org.apache.commons.math.analysis.solvers$BrentSolver#solve(org.apache.commons.math.analysis.UnivariateRealFunction,double,double,double):134","org.apache.commons.math.analysis.solvers$BrentSolver#solve(org.apache.commons.math.analysis.UnivariateRealFunction,double,double,double):138"
74,change_assignment,"org.apache.commons.math.ode.nonstiff$EmbeddedRungeKuttaIntegrator#integrate(org.apache.commons.math.ode.FirstOrderDifferentialEquations,double,double[],double,double[]):247","org.apache.commons.math.ode.nonstiff$EmbeddedRungeKuttaIntegrator#integrate(org.apache.commons.math.ode.FirstOrderDifferentialEquations,double,double[],double,double[]):248"
75,change_return_value,org.apache.commons.math.stat$Frequency#getPct(java.lang.Object):303,org.apache.commons.math.stat$Frequency#getPct(java.lang.Object):303
76,change_method_parameter,org.apache.commons.math.linear$SingularValueDecompositionImpl#getU():161,org.apache.commons.math.linear$SingularValueDecompositionImpl#getU():161
76,complicated_for_change,org.apache.commons.math.linear$SingularValueDecompositionImpl#getU():166,org.apache.commons.math.linear$SingularValueDecompositionImpl#getU():179
77,change_assignment,org.apache.commons.math.linear$ArrayRealVector#getLInfNorm():721,org.apache.commons.math.linear$ArrayRealVector#getLInfNorm():721
77,delete_method,org.apache.commons.math.linear$OpenMapRealVector#getLInfNorm():498,org.apache.commons.math.linear$OpenMapRealVector#getLInfNorm():506
78,insert_branch,org.apache.commons.math.ode.events$EventState#evaluateStep(org.apache.commons.math.ode.sampling.StepInterpolator):188,org.apache.commons.math.ode.events$EventState#evaluateStep(org.apache.commons.math.ode.sampling.StepInterpolator):201
79,change_assignment,"org.apache.commons.math.util$MathUtils#distance(int[],int[]):1624","org.apache.commons.math.util$MathUtils#distance(int[],int[]):1624"
79,change_assignment,"org.apache.commons.math.util$MathUtils#distance(int[],int[]):1626","org.apache.commons.math.util$MathUtils#distance(int[],int[]):1626"
80,change_assignment,"org.apache.commons.math.linear$EigenDecompositionImpl#flipIfWarranted(int,int):1135","org.apache.commons.math.linear$EigenDecompositionImpl#flipIfWarranted(int,int):1135"
81,insert_assignment,org.apache.commons.math.linear$EigenDecompositionImpl#computeGershgorinCircles():602,org.apache.commons.math.linear$EigenDecompositionImpl#computeGershgorinCircles():603
81,change_condition,"org.apache.commons.math.linear$EigenDecompositionImpl#computeShiftIncrement(int,int,int):1543","org.apache.commons.math.linear$EigenDecompositionImpl#computeShiftIncrement(int,int,int):1543"
82,change_condition,"org.apache.commons.math.optimization.linear$SimplexSolver#getPivotRow(int,org.apache.commons.math.optimization.linear.SimplexTableau):82","org.apache.commons.math.optimization.linear$SimplexSolver#getPivotRow(int,org.apache.commons.math.optimization.linear.SimplexTableau):82"
83,change_assignment,"org.apache.commons.math.optimization.linear$SimplexTableau#getBasicRow(int,boolean):292","org.apache.commons.math.optimization.linear$SimplexTableau#getBasicRow(int,boolean):292"
83,change_assignment,org.apache.commons.math.optimization.linear$SimplexTableau#getSolution():341,org.apache.commons.math.optimization.linear$SimplexTableau#getSolution():341
83,change_assignment,org.apache.commons.math.optimization.linear$SimplexTableau#getSolution():345,org.apache.commons.math.optimization.linear$SimplexTableau#getSolution():345
84,insert_for_branch,org.apache.commons.math.optimization.direct$MultiDirectional#iterateSimplex(java.util.Comparator):95,org.apache.commons.math.optimization.direct$MultiDirectional#iterateSimplex(java.util.Comparator):97
84,insert_return_branch,org.apache.commons.math.optimization.direct$MultiDirectional#iterateSimplex(java.util.Comparator):95,org.apache.commons.math.optimization.direct$MultiDirectional#iterateSimplex(java.util.Comparator):97
85,change_condition,"org.apache.commons.math.analysis.solvers$UnivariateRealSolverUtils#bracket(org.apache.commons.math.analysis.UnivariateRealFunction,double,double,double,int):198","org.apache.commons.math.analysis.solvers$UnivariateRealSolverUtils#bracket(org.apache.commons.math.analysis.UnivariateRealFunction,double,double,double,int):198"
86,delete_branch,"org.apache.commons.math.linear$CholeskyDecompositionImpl#CholeskyDecompositionImpl(org.apache.commons.math.linear.RealMatrix,double,double):114","org.apache.commons.math.linear$CholeskyDecompositionImpl#CholeskyDecompositionImpl(org.apache.commons.math.linear.RealMatrix,double,double):116"
86,insert_branch,"org.apache.commons.math.linear$CholeskyDecompositionImpl#CholeskyDecompositionImpl(org.apache.commons.math.linear.RealMatrix,double,double):134","org.apache.commons.math.linear$CholeskyDecompositionImpl#CholeskyDecompositionImpl(org.apache.commons.math.linear.RealMatrix,double,double):138"
87,complicated_if_change,org.apache.commons.math.optimization.linear$SimplexTableau#getBasicRow(int):275,org.apache.commons.math.optimization.linear$SimplexTableau#getBasicRow(int):281
88,insert_branch,org.apache.commons.math.optimization.linear$SimplexTableau#getSolution():330,org.apache.commons.math.optimization.linear$SimplexTableau#getSolution():333
88,delete_branch,org.apache.commons.math.optimization.linear$SimplexTableau#getSolution():336,org.apache.commons.math.optimization.linear$SimplexTableau#getSolution():342
89,coverage_block,org.apache.commons.math.stat$Frequency#addValue(java.lang.Object):108,org.apache.commons.math.stat$Frequency#addValue(java.lang.Object):110
89,insert_branch,org.apache.commons.math.stat$Frequency#addValue(java.lang.Object):110,org.apache.commons.math.stat$Frequency#addValue(java.lang.Object):111
90,complicated_method_change,org.apache.commons.math.stat$Frequency#addValue(java.lang.Object):121,org.apache.commons.math.stat$Frequency#addValue(java.lang.Object):136
91,change_assignment,org.apache.commons.math.fraction$Fraction#compareTo(org.apache.commons.math.fraction.Fraction):259,org.apache.commons.math.fraction$Fraction#compareTo(org.apache.commons.math.fraction.Fraction):260
92,delete_branch,"org.apache.commons.math.util$MathUtils#binomialCoefficient(int,int):185","org.apache.commons.math.util$MathUtils#binomialCoefficient(int,int):188"
92,insert_branch,"org.apache.commons.math.util$MathUtils#binomialCoefficient(int,int):188","org.apache.commons.math.util$MathUtils#binomialCoefficient(int,int):208"
92,insert_return_branch,"org.apache.commons.math.util$MathUtils#binomialCoefficientDouble(int,int):233","org.apache.commons.math.util$MathUtils#binomialCoefficientDouble(int,int):236"
92,change_return_value,"org.apache.commons.math.util$MathUtils#binomialCoefficientDouble(int,int):236","org.apache.commons.math.util$MathUtils#binomialCoefficientDouble(int,int):236"
92,change_return_value,"org.apache.commons.math.util$MathUtils#binomialCoefficientLog(int,int):271","org.apache.commons.math.util$MathUtils#binomialCoefficientLog(int,int):286"
93,insert_branch,org.apache.commons.math.util$MathUtils#factorial(int):344,org.apache.commons.math.util$MathUtils#factorial(int):345
93,change_condition,org.apache.commons.math.util$MathUtils#factorial(int):346,org.apache.commons.math.util$MathUtils#factorial(int):346
93,insert_return_branch,org.apache.commons.math.util$MathUtils#factorialDouble(int):376,org.apache.commons.math.util$MathUtils#factorialDouble(int):377
93,insert_return_branch,org.apache.commons.math.util$MathUtils#factorialLog(int):396,org.apache.commons.math.util$MathUtils#factorialLog(int):397
94,change_condition,"org.apache.commons.math.util$MathUtils#gcd(int,int):411","org.apache.commons.math.util$MathUtils#gcd(int,int):412"
95,coverage_block,org.apache.commons.math.distribution$FDistributionImpl#getInitialDomain(double):145,org.apache.commons.math.distribution$FDistributionImpl#getInitialDomain(double):147
96,change_assignment,org.apache.commons.math.complex$Complex#equals(java.lang.Object):258,org.apache.commons.math.complex$Complex#equals(java.lang.Object):258
97,change_condition,"org.apache.commons.math.analysis$BrentSolver#solve(double,double):138","org.apache.commons.math.analysis$BrentSolver#solve(double,double):138"
97,insert_branch,"org.apache.commons.math.analysis$BrentSolver#solve(double,double):138","org.apache.commons.math.analysis$BrentSolver#solve(double,double):141"
97,change_condition,"org.apache.commons.math.analysis$BrentSolver#solve(double,double):145","org.apache.commons.math.analysis$BrentSolver#solve(double,double):145"
97,insert_branch,"org.apache.commons.math.analysis$BrentSolver#solve(double,double):149","org.apache.commons.math.analysis$BrentSolver#solve(double,double):151"
98,change_assignment,org.apache.commons.math.linear$BigMatrixImpl#operate(java.math.BigDecimal[]):991,org.apache.commons.math.linear$BigMatrixImpl#operate(java.math.BigDecimal[]):991
98,change_assignment,org.apache.commons.math.linear$RealMatrixImpl#operate(double[]):779,org.apache.commons.math.linear$RealMatrixImpl#operate(double[]):779
99,insert_branch,"org.apache.commons.math.util$MathUtils#gcd(int,int):542","org.apache.commons.math.util$MathUtils#gcd(int,int):543"
99,insert_branch,"org.apache.commons.math.util$MathUtils#lcm(int,int):713","org.apache.commons.math.util$MathUtils#lcm(int,int):714"
100,change_assignment,org.apache.commons.math.estimation$AbstractEstimator#getCovariances(org.apache.commons.math.estimation.EstimationProblem):166,org.apache.commons.math.estimation$AbstractEstimator#getCovariances(org.apache.commons.math.estimation.EstimationProblem):166
101,change_condition,"org.apache.commons.math.complex$ComplexFormat#parse(java.lang.String,java.text.ParsePosition):377","org.apache.commons.math.complex$ComplexFormat#parse(java.lang.String,java.text.ParsePosition):377"
102,insert_branch,"org.apache.commons.math.stat.inference$ChiSquareTestImpl#chiSquare(double[],long[]):73","org.apache.commons.math.stat.inference$ChiSquareTestImpl#chiSquare(double[],long[]):74"
102,insert_branch,"org.apache.commons.math.stat.inference$ChiSquareTestImpl#chiSquare(double[],long[]):76","org.apache.commons.math.stat.inference$ChiSquareTestImpl#chiSquare(double[],long[]):77"
103,coverage_try_catch,org.apache.commons.math.distribution$NormalDistributionImpl#cumulativeProbability(double):108,org.apache.commons.math.distribution$NormalDistributionImpl#cumulativeProbability(double):109
104,change_static_variable,org.apache.commons.math.special$Gamma#<clinit>():37,org.apache.commons.math.special$Gamma#<clinit>():37
105,change_return_value,org.apache.commons.math.stat.regression$SimpleRegression#getSumSquaredErrors():264,org.apache.commons.math.stat.regression$SimpleRegression#getSumSquaredErrors():264
106,insert_return_branch,"org.apache.commons.math.fraction$ProperFractionFormat#parse(java.lang.String,java.text.ParsePosition):163","org.apache.commons.math.fraction$ProperFractionFormat#parse(java.lang.String,java.text.ParsePosition):168"
106,insert_return_branch,"org.apache.commons.math.fraction$ProperFractionFormat#parse(java.lang.String,java.text.ParsePosition):198","org.apache.commons.math.fraction$ProperFractionFormat#parse(java.lang.String,java.text.ParsePosition):202"
